INSERT INTO specialization (id_specialization, specialization) VALUES 
	(1, 'общего типа'),
	(2, 'неврологическая'),
	(3, 'клиническая'),
	(4, 'детских лекарственных средств'),
	(5, 'лекарственных растений'),
	(6, 'гериатрическая'),
	(7, 'дерматовенерологических лекарств'),
	(8, 'психотропных лекарств'),
	(9, 'противодиабетических лекарств'),
	(10, 'социальная');
	
INSERT INTO producer (id_producer, producer) VALUES
	(1, 'Bayern'),
	(2, 'Novartis'),
	(3, 'STADA CIS'),
	(4, 'Novo Nordisk'),
	(5, 'Merck Sharp & Dohme (MSD)'),
	(6, 'Egis'),
	(7, 'SANOFI'),
	(8, 'Pfizer'),
	(9, 'Ipsen'),
	(10, 'Eli Lilly');
	
INSERT INTO medicine_type (id_medicine_type, medicine_type) VALUES
	(1, 'таблетки'),
	(2, 'микстура'),
	(3, 'мазь'),
	(4, 'гранулы'),
	(5, 'растворы'),
	(6, 'отвары'),
	(7, 'драже'),
	(8, 'капсулы'),
	(9, 'пасты'),
	(10, 'болеутоляющие');
	
	
INSERT INTO medicine (id_medicine, id_medicine_type, medicine_name, id_producer, price)	VALUES
	(1, 1, 'Лекарство 1', 1, 200),
	(2, 1, 'Лекарство 2', 2, 150),
	(3, 2, 'Лекарство 3', 3, 300),
	(4, 2, 'Лекарство 4', 4, 1000),
	(5, 3, 'Лекарство 5', 5, 1900),
	(6, 3, 'Лекарство 6', 6, 50),
	(7, 4, 'Лекарство 7', 7, 124),
	(8, 4, 'Лекарство 8', 8, 385),
	(9, 5, 'Лекарство 9', 9, 400),
	(10, 5, 'Лекарство 10', 10, 230),
	(11, 6, 'Лекарство 11', 1, 180),
	(12, 6, 'Лекарство 12', 2, 210),
	(13, 7, 'Лекарство 13', 3, 210),
	(14, 7, 'Лекарство 14', 4, 100),
	(15, 8, 'Лекарство 15', 5, 120),
	(16, 8, 'Лекарство 16', 6, 600),
	(17, 9, 'Лекарство 17', 7, 710),
	(18, 9, 'Лекарство 18', 8, 200),
	(19, 10, 'Лекарство 19', 9, 210),
	(20, 10, 'Лекарство 20', 10, 10);
	
INSERT INTO pharmacy (id_pharmacy, pharmacy_name, id_specialization, address) VALUES 
	(1, 'Аптека 1', 1, 'ул. Горького, 18'),
	(2, 'Аптека 2', 2, 'ул. Звездинка, 21'),
	(3, 'Аптека 3', 3, 'ул. Пискунова, 19'),
	(4, 'Аптека 4', 4, 'ул. Варварская, 3'),
	(5, 'Аптека 5', 5, 'ул. Минина, 7'),
	(6, 'Аптека 6', 6, 'ул. Минина, 29'),
	(7, 'Аптека 7', 7, 'ул. Родионова, 195'),
	(8, 'Аптека 8', 8, 'ул. Деловая, 12'),
	(9, 'Аптека 9', 9, 'ул. Лопатина, 12'),
	(10, 'Аптека 10', 10, 'ул. Верхнепечерская, 1');
	
INSERT INTO indication (id_indication, indication) VALUES
	(1, 'Показание 1'),
	(2, 'Показание 2'),
	(3, 'Показание 3'),
	(4, 'Показание 4'),
	(5, 'Показание 5'),
	(6, 'Показание 6'),
	(7, 'Показание 7'),
	(8, 'Показание 8'),
	(9, 'Показание 9'),
	(10, 'Показание 10');
	
INSERT INTO contraindication (id_contraindication, contraindication) VALUES
	(1, 'Противопоказание 1'),
	(2, 'Противопоказание 2'),
	(3, 'Противопоказание 3'),
	(4, 'Противопоказание 4'),
	(5, 'Противопоказание 5'),
	(6, 'Противопоказание 6'),
	(7, 'Противопоказание 7'),
	(8, 'Противопоказание 8'),
	(9, 'Противопоказание 9'),
	(10, 'Противопоказание 10');
	
INSERT INTO pharmacy_medicine (id_pharmacy_medicine, id_pharmacy, id_medicine, medicine_amount, total_price,
							  production_date, expiration_date) VALUES
	(1, 1, 1, 100, 20000, '2020-05-03', '2020-12-31'),
	(2, 1, 2, 10, 1500, '2018-06-12', '2021-02-12'),
	(3, 2, 3, 51, 15300, '2019-02-18', '2022-05-13'),
	(4, 2, 4, 20, 20000, '2020-03-12', '2021-09-09'),
	(5, 3, 5, 1, 1900, '2016-12-12', '2025-11-11'),
	(6, 3, 6, 70, 3500, '2020-07-01', '2023-01-01'),
	(7, 4, 7, 15, 1860, '2019-09-09', '2021-09-09'),
	(8, 4, 8, 25, 9625, '2016-08-01', '2022-08-01'),
	(9, 5, 9, 1000, 400000, '2020-09-01', '2022-01-01'),
	(10, 5, 10, 1200, 276000, '2019-02-02', '2020-12-31'),
	(11, 6, 11, 12, 2160, '2020-01-01', '2020-12-31'),
	(12, 6, 12, 1, 210, '2019-01-02', '2022-03-01'),
	(13, 7, 13, 10, 2100, '2020-01-01', '2021-01-01'),
	(14, 7, 14, 32, 3200, '2019-02-20', '2023-04-20'),
	(15, 8, 15, 30, 3600, '2020-05-05', '2025-12-12'),
	(16, 8, 16, 18, 10800, '2020-01-01', '2022-11-14'),
	(17, 9, 17, 19, 13490, '2020-01-05', '2022-06-06'),
	(18, 9, 18, 20, 4000, '2018-08-08', '2022-09-09'),
	(19, 10, 19, 15, 3150, '2018-08-08', '2021-11-11'),
	(20, 10, 20, 10, 100, '2019-09-09', '2023-01-01');
	
	
	
INSERT INTO medicine_indication (id_medicine, id_indication) VALUES
	(1, 1), 
	(2, 1), 
	(3, 2),
	(4, 2), 
	(5, 3), 
	(6, 3),
	(7, 4),
	(8, 4), 
	(9, 5),
	(10, 5),
	(11, 6),
	(12, 6),
	(13, 7),
	(14, 7),
	(15, 8),
	(16, 8),
	(17, 9),
	(18, 9), 
	(19, 10),
	(20, 10);
	
INSERT INTO medicine_contraindication (id_medicine, id_contraindication) VALUES
	(1, 1), 
	(2, 1), 
	(3, 2),
	(4, 2), 
	(5, 3), 
	(6, 3),
	(7, 4),
	(8, 4), 
	(9, 5),
	(10, 5),
	(11, 6),
	(12, 6),
	(13, 7),
	(14, 7),
	(15, 8),
	(16, 8),
	(17, 9),
	(18, 9), 
	(19, 10),
	(20, 10);	
	
	
	
	
	
	
	
	
	
	
	